AflII,CTTAAG
AgeI_HF,ACCGGT
ApaI,GGGCCC
AscI,GGCGCGCC
AvrII,CCTAGG
BamHI_HF,GGATCC
BbsI_HF,GAAGAC
BclI_HF,TGATCA
BglII,AGATCT
BlpI,GCTNAGC
BsaBI,GATNNNNATC
BsaI_HF,GGTCTCN
BseRI,GAGGAG
BspEI,TCCGGA
BsrGI,TGTACA
ClaI,ATCGAT
DpnI,GATC
EcoRI_HF,GAATTC
EcoRV_HF,GATATC
FspI,TGCGCA
HindIII_HF,AAGCTT
HpaI,GTTAAC
KpnI_HF,GGTACC
MfeI_HF,CAATTG
MluI_HF,ACGCGT
NarI,GGCGCC
NcoI_HF,CCATGG
NdeI,CATATG
NheI,GCTAGC
NotI_HF,GCGGCCGC
NsiI,ATGCAT
PacI,TTAATTAA
PflMI,CCANNNNNTGG
PmeI,GTTTAAAC
PshAI,GACNNNNGTC
PspOMI,GGGCCC
PstI,CTGCAG
SacI_HF,GAGCTC
SacII,CCGCGG
SalI_HF,GTCGAC
SbfI_HF,CCTGCAGG
SmaI,CCCGGG
SnaBI,TACGTA
SpeI_HF,ACTAGT
SphI_HF,GCATGC
SwaI,ATTTAAAT
XbaI,TCTAGA
XhoI,CTCGAG
XmaI,CCCGGG
XmnI,GAANNNNTTC
ScaI_HF,AGTACT